Judul Artikel,Kanal,Tanggal Upload,Alamat
"Gila! Amankan Tanda Tangan Sergio Ramos, Achraf Hakimi, Wijnaldum dan Donnarumma, PSG Juara Liga Champions?","
bola
Gila! Amankan Tanda Tangan Sergio Ramos, Achraf Hakimi, Wijnaldum dan Donnarumma, PSG Juara Liga Champions?
PSG berpeluang memenangkan trofi Liga Champions 2021-2022 setelah mengamankan Sergio Ramos, Achraf Hakimi, Wijnaldum dan Donarumma.
02 Juli 2021 07:44 WIB
",02 Juli 2021 07:44 WIB,https://bola.okezone.com/read/2021/07/02/51/2434224/gila-amankan-tanda-tangan-sergio-ramos-achraf-hakimi-wijnaldum-dan-donnarumma-psg-juara-liga-champions
"5 Pemain yang di Luar Dugaan Tampil Menggila di Piala Eropa 2020, Nomor 1 Calon Pengganjal Cristiano Ronaldo","
bola
5 Pemain yang di Luar Dugaan Tampil Menggila di Piala Eropa 2020, Nomor 1 Calon Pengganjal Cristiano Ronaldo
Berikut 5 pemain yang di luar dugaan tampil menggila di Piala Eropa 2020.
01 Juli 2021 18:50 WIB
",01 Juli 2021 18:50 WIB,https://bola.okezone.com/read/2021/07/01/51/2434032/5-pemain-yang-di-luar-dugaan-tampil-menggila-di-piala-eropa-2020-nomor-1-calon-pengganjal-cristiano-ronaldo
"5 Pemain yang Bisa Gabung Liverpool Musim Panas 2021, Nomor 2 Rekan Cristiano Ronaldo","
bola
5 Pemain yang Bisa Gabung Liverpool Musim Panas 2021, Nomor 2 Rekan Cristiano Ronaldo
Berikut lima pemain yang bisa gabung Liverpool pada musim panas 2021.
01 Juli 2021 08:18 WIB
",01 Juli 2021 08:18 WIB,https://bola.okezone.com/read/2021/07/01/51/2433593/5-pemain-yang-bisa-gabung-liverpool-musim-panas-2021-nomor-2-rekan-cristiano-ronaldo
"5 Pemain Bintang yang Kontraknya Habis pada Musim Panas 2021, Nomor 1 Lionel Messi","
bola
5 Pemain Bintang yang Kontraknya Habis pada Musim Panas 2021, Nomor 1 Lionel Messi
Berikut lima pemain bintang yang kontraknya habis pada 30 Juni 2021.
01 Juli 2021 07:21 WIB
",01 Juli 2021 07:21 WIB,https://bola.okezone.com/read/2021/07/01/51/2433572/5-pemain-bintang-yang-kontraknya-habis-pada-musim-panas-2021-nomor-1-lionel-messi
"Diisukan Bakal Gabung Liverpol, Begini Reaksi Lucas Ocampos","
bola
Diisukan Bakal Gabung Liverpol, Begini Reaksi Lucas Ocampos
Ocampos bantah bakal segera gabung Liverpool.
30 Juni 2021 21:22 WIB
",30 Juni 2021 21:22 WIB,https://bola.okezone.com/read/2021/06/30/51/2433475/diisukan-bakal-gabung-liverpol-begini-reaksi-lucas-ocampos
"Tanda Tangan Kontrak, Rafael Benitez Resmi Jadi Pelatih Baru Everton","
bola
Tanda Tangan Kontrak, Rafael Benitez Resmi Jadi Pelatih Baru Everton
Rafael Benitez sepakati kontrak hingga 2024 bersama Everton
30 Juni 2021 18:12 WIB
",30 Juni 2021 18:12 WIB,https://bola.okezone.com/read/2021/06/30/45/2433393/tanda-tangan-kontrak-rafael-benitez-resmi-jadi-pelatih-baru-everton
"Timnas Inggris Lolos ke Perempatfinal Piala Eropa 2020, Raheem Sterling Permalukan Cristiano Ronaldo?","
bola
Timnas Inggris Lolos ke Perempatfinal Piala Eropa 2020, Raheem Sterling Permalukan Cristiano Ronaldo?
Raheem Sterling bisa mempermalukan Cristiano Ronaldo dengan keluar sebagai top skor Piala Eropa 2020.
30 Juni 2021 12:12 WIB
",30 Juni 2021 12:12 WIB,https://bola.okezone.com/read/2021/06/30/51/2433129/timnas-inggris-lolos-ke-perempatfinal-piala-eropa-2020-raheem-sterling-permalukan-cristiano-ronaldo
"Tren Kaos Kaki Bolong Pesepakbola Dunia, Siapa Saja yang Melakukannya?","
bola
Tren Kaos Kaki Bolong Pesepakbola Dunia, Siapa Saja yang Melakukannya?
Berikut deretan pesepakbola yang mengenakan kaos kaki bolong.
28 Juni 2021 20:43 WIB
",28 Juni 2021 20:43 WIB,https://bola.okezone.com/read/2021/06/28/51/2432247/tren-kaos-kaki-bolong-pesepakbola-dunia-siapa-saja-yang-melakukannya
Barcelona Kesulitan Cari Pembeli Philippe Coutinho,"
tren
Barcelona Kesulitan Cari Pembeli Philippe Coutinho
Barcelona kini masih terus mencari klub yang mau membeli Philippe Coutinho.
28 Juni 2021 13:12 WIB
",28 Juni 2021 13:12 WIB,https://www.okezone.com/tren/read/2021/06/28/620/2432002/barcelona-kesulitan-cari-pembeli-philippe-coutinho
"Cristiano Ronaldo Banting Ban Kapten, Pemain Timnas Portugal Menangis Usai Tersingkir dari Piala Eropa 2020","
bola
Cristiano Ronaldo Banting Ban Kapten, Pemain Timnas Portugal Menangis Usai Tersingkir dari Piala Eropa 2020
Portugal menelan kekalahan 1-0 saat bertemu Belgia pada babak 16 Besar Piala Eropa 2020
28 Juni 2021 06:00 WIB
",28 Juni 2021 06:00 WIB,https://bola.okezone.com/read/2021/06/28/51/2431810/cristiano-ronaldo-banting-ban-kapten-pemain-timnas-portugal-menangis-usai-tersingkir-dari-piala-eropa-2020
Timnas Portugal Pimpinan Cristiano Cetak Rekor meski Disingkirkan Belgia dari Piala Eropa 2020,"
bola
Timnas Portugal Pimpinan Cristiano Cetak Rekor meski Disingkirkan Belgia dari Piala Eropa 2020
Portugal menyerah 1-0 saat menghadapi Belgia di babak 16 Besar Piala Eropa 2020
28 Juni 2021 05:18 WIB
",28 Juni 2021 05:18 WIB,https://bola.okezone.com/read/2021/06/28/51/2431798/timnas-portugal-pimpinan-cristiano-cetak-rekor-meski-disingkirkan-belgia-dari-piala-eropa-2020
"5 Pesepakbola Bintang Paling Konsisten, Nomor 1 dan 2 Guncang Dunia","
bola
5 Pesepakbola Bintang Paling Konsisten, Nomor 1 dan 2 Guncang Dunia
Berikut lima pesepakbola bintang paling konsisten.
27 Juni 2021 18:17 WIB
",27 Juni 2021 18:17 WIB,https://bola.okezone.com/read/2021/06/27/51/2431657/5-pesepakbola-bintang-paling-konsisten-nomor-1-dan-2-guncang-dunia
Cerita Horor Pasangan Kekasih Menginap di Hotel Angker Lihat Hantu Kembar,"
lifestyle
Cerita Horor Pasangan Kekasih Menginap di Hotel Angker Lihat Hantu Kembar
Pasangan ini memilih hotel paling berhantu untuk uji nyali. Dan ternyata yang mereka lihat sosok menyeramkan.
26 Juni 2021 14:56 WIB
",26 Juni 2021 14:56 WIB,https://travel.okezone.com/read/2021/06/26/406/2431308/cerita-horor-pasangan-kekasih-menginap-di-hotel-angker-lihat-hantu-kembar
"Timnas Belanda vs Republik Ceko, Georginio Wijnaldum Bakal Pakai Ban Kapten Pelangi","
bola
Timnas Belanda vs Republik Ceko, Georginio Wijnaldum Bakal Pakai Ban Kapten Pelangi
Wijnaldum akan pakai ban kapten pelangi saat Timnas Belanda bermain di Hungaria.
25 Juni 2021 22:14 WIB
",25 Juni 2021 22:14 WIB,https://bola.okezone.com/read/2021/06/25/51/2431084/timnas-belanda-vs-republik-ceko-georginio-wijnaldum-bakal-pakai-ban-kapten-pelangi
"Lawan Jerman di 16 Besar Piala Eropa 2020, Timnas Inggris Tak Takut","
bola
Lawan Jerman di 16 Besar Piala Eropa 2020, Timnas Inggris Tak Takut
Henderson menegaskan Timnas Inggris tidak takut Jerman meski kalah pengalaman.
25 Juni 2021 21:41 WIB
",25 Juni 2021 21:41 WIB,https://bola.okezone.com/read/2021/06/25/51/2431068/lawan-jerman-di-16-besar-piala-eropa-2020-timnas-inggris-tak-takut
"Jika Alami Pelecehan Rasisme Lawan Republik Ceko, Georginio Wijnaldum Menimbang Pergi dari Lapangan","
bola
Jika Alami Pelecehan Rasisme Lawan Republik Ceko, Georginio Wijnaldum Menimbang Pergi dari Lapangan
Belanda akan menghadapi Republik Ceko di Puskas Arena, Hungaria
25 Juni 2021 05:42 WIB
",25 Juni 2021 05:42 WIB,https://bola.okezone.com/read/2021/06/25/51/2430619/jika-alami-pelecehan-rasisme-lawan-republik-ceko-georginio-wijnaldum-menimbang-pergi-dari-lapangan
"5 Pemain yang di Luar Dugaan Tampil Menggila di Piala Eropa 2020, Nomor 1 Calon Pengganjal Cristiano Ronaldo","
bola
5 Pemain yang di Luar Dugaan Tampil Menggila di Piala Eropa 2020, Nomor 1 Calon Pengganjal Cristiano Ronaldo
Berikut 5 pemain yang di luar dugaan tampil menggila di Piala Eropa 2020.
01 Juli 2021 18:50 WIB
",01 Juli 2021 18:50 WIB,https://bola.okezone.com/read/2021/07/01/51/2434032/5-pemain-yang-di-luar-dugaan-tampil-menggila-di-piala-eropa-2020-nomor-1-calon-pengganjal-cristiano-ronaldo
"5 Pemain yang Bisa Gabung Liverpool Musim Panas 2021, Nomor 2 Rekan Cristiano Ronaldo","
bola
5 Pemain yang Bisa Gabung Liverpool Musim Panas 2021, Nomor 2 Rekan Cristiano Ronaldo
Berikut lima pemain yang bisa gabung Liverpool pada musim panas 2021.
01 Juli 2021 08:18 WIB
",01 Juli 2021 08:18 WIB,https://bola.okezone.com/read/2021/07/01/51/2433593/5-pemain-yang-bisa-gabung-liverpool-musim-panas-2021-nomor-2-rekan-cristiano-ronaldo
"5 Pemain Bintang yang Kontraknya Habis pada Musim Panas 2021, Nomor 1 Lionel Messi","
bola
5 Pemain Bintang yang Kontraknya Habis pada Musim Panas 2021, Nomor 1 Lionel Messi
Berikut lima pemain bintang yang kontraknya habis pada 30 Juni 2021.
01 Juli 2021 07:21 WIB
",01 Juli 2021 07:21 WIB,https://bola.okezone.com/read/2021/07/01/51/2433572/5-pemain-bintang-yang-kontraknya-habis-pada-musim-panas-2021-nomor-1-lionel-messi
"Diisukan Bakal Gabung Liverpol, Begini Reaksi Lucas Ocampos","
bola
Diisukan Bakal Gabung Liverpol, Begini Reaksi Lucas Ocampos
Ocampos bantah bakal segera gabung Liverpool.
30 Juni 2021 21:22 WIB
",30 Juni 2021 21:22 WIB,https://bola.okezone.com/read/2021/06/30/51/2433475/diisukan-bakal-gabung-liverpol-begini-reaksi-lucas-ocampos
"Tanda Tangan Kontrak, Rafael Benitez Resmi Jadi Pelatih Baru Everton","
bola
Tanda Tangan Kontrak, Rafael Benitez Resmi Jadi Pelatih Baru Everton
Rafael Benitez sepakati kontrak hingga 2024 bersama Everton
30 Juni 2021 18:12 WIB
",30 Juni 2021 18:12 WIB,https://bola.okezone.com/read/2021/06/30/45/2433393/tanda-tangan-kontrak-rafael-benitez-resmi-jadi-pelatih-baru-everton
"Timnas Inggris Lolos ke Perempatfinal Piala Eropa 2020, Raheem Sterling Permalukan Cristiano Ronaldo?","
bola
Timnas Inggris Lolos ke Perempatfinal Piala Eropa 2020, Raheem Sterling Permalukan Cristiano Ronaldo?
Raheem Sterling bisa mempermalukan Cristiano Ronaldo dengan keluar sebagai top skor Piala Eropa 2020.
30 Juni 2021 12:12 WIB
",30 Juni 2021 12:12 WIB,https://bola.okezone.com/read/2021/06/30/51/2433129/timnas-inggris-lolos-ke-perempatfinal-piala-eropa-2020-raheem-sterling-permalukan-cristiano-ronaldo
"Tren Kaos Kaki Bolong Pesepakbola Dunia, Siapa Saja yang Melakukannya?","
bola
Tren Kaos Kaki Bolong Pesepakbola Dunia, Siapa Saja yang Melakukannya?
Berikut deretan pesepakbola yang mengenakan kaos kaki bolong.
28 Juni 2021 20:43 WIB
",28 Juni 2021 20:43 WIB,https://bola.okezone.com/read/2021/06/28/51/2432247/tren-kaos-kaki-bolong-pesepakbola-dunia-siapa-saja-yang-melakukannya
Barcelona Kesulitan Cari Pembeli Philippe Coutinho,"
tren
Barcelona Kesulitan Cari Pembeli Philippe Coutinho
Barcelona kini masih terus mencari klub yang mau membeli Philippe Coutinho.
28 Juni 2021 13:12 WIB
",28 Juni 2021 13:12 WIB,https://www.okezone.com/tren/read/2021/06/28/620/2432002/barcelona-kesulitan-cari-pembeli-philippe-coutinho
"Cristiano Ronaldo Banting Ban Kapten, Pemain Timnas Portugal Menangis Usai Tersingkir dari Piala Eropa 2020","
bola
Cristiano Ronaldo Banting Ban Kapten, Pemain Timnas Portugal Menangis Usai Tersingkir dari Piala Eropa 2020
Portugal menelan kekalahan 1-0 saat bertemu Belgia pada babak 16 Besar Piala Eropa 2020
28 Juni 2021 06:00 WIB
",28 Juni 2021 06:00 WIB,https://bola.okezone.com/read/2021/06/28/51/2431810/cristiano-ronaldo-banting-ban-kapten-pemain-timnas-portugal-menangis-usai-tersingkir-dari-piala-eropa-2020
Timnas Portugal Pimpinan Cristiano Cetak Rekor meski Disingkirkan Belgia dari Piala Eropa 2020,"
bola
Timnas Portugal Pimpinan Cristiano Cetak Rekor meski Disingkirkan Belgia dari Piala Eropa 2020
Portugal menyerah 1-0 saat menghadapi Belgia di babak 16 Besar Piala Eropa 2020
28 Juni 2021 05:18 WIB
",28 Juni 2021 05:18 WIB,https://bola.okezone.com/read/2021/06/28/51/2431798/timnas-portugal-pimpinan-cristiano-cetak-rekor-meski-disingkirkan-belgia-dari-piala-eropa-2020
"5 Pesepakbola Bintang Paling Konsisten, Nomor 1 dan 2 Guncang Dunia","
bola
5 Pesepakbola Bintang Paling Konsisten, Nomor 1 dan 2 Guncang Dunia
Berikut lima pesepakbola bintang paling konsisten.
27 Juni 2021 18:17 WIB
",27 Juni 2021 18:17 WIB,https://bola.okezone.com/read/2021/06/27/51/2431657/5-pesepakbola-bintang-paling-konsisten-nomor-1-dan-2-guncang-dunia
Cerita Horor Pasangan Kekasih Menginap di Hotel Angker Lihat Hantu Kembar,"
lifestyle
Cerita Horor Pasangan Kekasih Menginap di Hotel Angker Lihat Hantu Kembar
Pasangan ini memilih hotel paling berhantu untuk uji nyali. Dan ternyata yang mereka lihat sosok menyeramkan.
26 Juni 2021 14:56 WIB
",26 Juni 2021 14:56 WIB,https://travel.okezone.com/read/2021/06/26/406/2431308/cerita-horor-pasangan-kekasih-menginap-di-hotel-angker-lihat-hantu-kembar
"Timnas Belanda vs Republik Ceko, Georginio Wijnaldum Bakal Pakai Ban Kapten Pelangi","
bola
Timnas Belanda vs Republik Ceko, Georginio Wijnaldum Bakal Pakai Ban Kapten Pelangi
Wijnaldum akan pakai ban kapten pelangi saat Timnas Belanda bermain di Hungaria.
25 Juni 2021 22:14 WIB
",25 Juni 2021 22:14 WIB,https://bola.okezone.com/read/2021/06/25/51/2431084/timnas-belanda-vs-republik-ceko-georginio-wijnaldum-bakal-pakai-ban-kapten-pelangi
"Lawan Jerman di 16 Besar Piala Eropa 2020, Timnas Inggris Tak Takut","
bola
Lawan Jerman di 16 Besar Piala Eropa 2020, Timnas Inggris Tak Takut
Henderson menegaskan Timnas Inggris tidak takut Jerman meski kalah pengalaman.
25 Juni 2021 21:41 WIB
",25 Juni 2021 21:41 WIB,https://bola.okezone.com/read/2021/06/25/51/2431068/lawan-jerman-di-16-besar-piala-eropa-2020-timnas-inggris-tak-takut
"Jika Alami Pelecehan Rasisme Lawan Republik Ceko, Georginio Wijnaldum Menimbang Pergi dari Lapangan","
bola
Jika Alami Pelecehan Rasisme Lawan Republik Ceko, Georginio Wijnaldum Menimbang Pergi dari Lapangan
Belanda akan menghadapi Republik Ceko di Puskas Arena, Hungaria
25 Juni 2021 05:42 WIB
",25 Juni 2021 05:42 WIB,https://bola.okezone.com/read/2021/06/25/51/2430619/jika-alami-pelecehan-rasisme-lawan-republik-ceko-georginio-wijnaldum-menimbang-pergi-dari-lapangan
Timnas Inggris Dinilai Beruntung Ketemu Jerman di 16 Besar Piala Eropa 2020,"
bola
Timnas Inggris Dinilai Beruntung Ketemu Jerman di 16 Besar Piala Eropa 2020
Timnas Inggris dinilai beruntung cuma hadapi Jerman di 16 Besar Piala Eropa 2020.
25 Juni 2021 05:30 WIB
",25 Juni 2021 05:30 WIB,https://bola.okezone.com/read/2021/06/25/51/2430613/timnas-inggris-dinilai-beruntung-ketemu-jerman-di-16-besar-piala-eropa-2020
